{"srcCount": 25, "srcSize": "183.32", "srcSizeUnit": "MB", "materialCount": 25, "fileCount": 50, "materialType": "eps", "picType": "jpg", "picGroupList": [{"topic": {"src": "img/temp/三叶素材1_001.jpg", "desc": {"filename": "三叶素材1_001.eps", "picsize": "(1131*800)像素", "filesize": "4.71MB"}}, "arr": []}, {"arr": [{"src": "img/temp/三叶素材1_002.jpg", "desc": {"filename": "三叶素材1_002.eps", "picsize": "(815*800)像素", "filesize": "4.36MB"}}, {"src": "img/temp/三叶素材1_003.jpg", "desc": {"filename": "三叶素材1_003.eps", "picsize": "(800*800)像素", "filesize": "12.26MB"}}, {"src": "img/temp/三叶素材1_004.jpg", "desc": {"filename": "三叶素材1_004.eps", "picsize": "(800*800)像素", "filesize": "9.71MB"}}, {"src": "img/temp/三叶素材1_005.jpg", "desc": {"filename": "三叶素材1_005.eps", "picsize": "(800*800)像素", "filesize": "1.50MB"}}, {"src": "img/temp/三叶素材1_006.jpg", "desc": {"filename": "三叶素材1_006.eps", "picsize": "(800*800)像素", "filesize": "1.97MB"}}, {"src": "img/temp/三叶素材1_007.jpg", "desc": {"filename": "三叶素材1_007.eps", "picsize": "(800*800)像素", "filesize": "8.54MB"}}, {"src": "img/temp/三叶素材1_008.jpg", "desc": {"filename": "三叶素材1_008.eps", "picsize": "(800*800)像素", "filesize": "6.52MB"}}, {"src": "img/temp/三叶素材1_009.jpg", "desc": {"filename": "三叶素材1_009.eps", "picsize": "(800*800)像素", "filesize": "6.38MB"}}, {"src": "img/temp/三叶素材1_010.jpg", "desc": {"filename": "三叶素材1_010.eps", "picsize": "(800*800)像素", "filesize": "7.78MB"}}, {"src": "img/temp/三叶素材1_011.jpg", "desc": {"filename": "三叶素材1_011.eps", "picsize": "(800*800)像素", "filesize": "11.09MB"}}, {"src": "img/temp/三叶素材1_012.jpg", "desc": {"filename": "三叶素材1_012.eps", "picsize": "(800*800)像素", "filesize": "13.34MB"}}, {"src": "img/temp/三叶素材1_013.jpg", "desc": {"filename": "三叶素材1_013.eps", "picsize": "(800*800)像素", "filesize": "7.96MB"}}, {"src": "img/temp/三叶素材1_014.jpg", "desc": {"filename": "三叶素材1_014.eps", "picsize": "(800*800)像素", "filesize": "2.22MB"}}, {"src": "img/temp/三叶素材1_015.jpg", "desc": {"filename": "三叶素材1_015.eps", "picsize": "(800*800)像素", "filesize": "9.98MB"}}, {"src": "img/temp/三叶素材1_016.jpg", "desc": {"filename": "三叶素材1_016.eps", "picsize": "(800*800)像素", "filesize": "7.18MB"}}, {"src": "img/temp/三叶素材1_017.jpg", "desc": {"filename": "三叶素材1_017.eps", "picsize": "(800*800)像素", "filesize": "1.82MB"}}, {"src": "img/temp/三叶素材1_018.jpg", "desc": {"filename": "三叶素材1_018.eps", "picsize": "(800*800)像素", "filesize": "3.98MB"}}, {"src": "img/temp/三叶素材1_019.jpg", "desc": {"filename": "三叶素材1_019.eps", "picsize": "(800*800)像素", "filesize": "12.48MB"}}, {"src": "img/temp/三叶素材1_020.jpg", "desc": {"filename": "三叶素材1_020.eps", "picsize": "(800*809)像素", "filesize": "4.32MB"}}, {"src": "img/temp/三叶素材1_021.jpg", "desc": {"filename": "三叶素材1_021.eps", "picsize": "(800*821)像素", "filesize": "11.91MB"}}, {"src": "img/temp/三叶素材1_022.jpg", "desc": {"filename": "三叶素材1_022.eps", "picsize": "(800*835)像素", "filesize": "6.47MB"}}, {"src": "img/temp/三叶素材1_023.jpg", "desc": {"filename": "三叶素材1_023.eps", "picsize": "(800*842)像素", "filesize": "6.01MB"}}, {"src": "img/temp/三叶素材1_024.jpg", "desc": {"filename": "三叶素材1_024.eps", "picsize": "(800*858)像素", "filesize": "3.86MB"}}, {"src": "img/temp/三叶素材1_025.jpg", "desc": {"filename": "三叶素材1_025.eps", "picsize": "(800*1067)像素", "filesize": "7.12MB"}}]}], "number": 792, "srcNumber": "S792", "srcFolder": "D:\\baiduyun\\素材\\S2008（墨迹 毛笔）\\display", "srcExtType": ".eps", "srcDesc1": "儿童 卡通 卡片", "srcDesc2": "eps格式", "baidu_shared": "sadfg", "htmlPath": "D:\\learn_tech\\taobao_tool\\html5", "summaryStyle": "儿童 手绘 艺术 卡片 38款"}